popularity,acousticness,danceability,loudness,tempo,key,,,popround,acouround,danceround,loudround,temporound,key
38.33333333,0.590111111,0.467222222,-14.448,117.5181111,5,,,38.333,0.59,0.467,-14.448,117.518,5
30.57692308,0.862538462,0.441730769,-10.69,103.0441538,5,,,30.577,0.863,0.442,-10.69,103.044,5
34.85714286,0.856571429,0.348285714,-15.23071429,77.37585714,0,,,34.857,0.857,0.348,-15.231,77.376,0
34.85185185,0.884925926,0.425074074,-15.63937037,88.66762963,0,,,34.852,0.885,0.425,-15.639,88.668,0
43,0.510714286,0.467142857,-10.23671429,122.8358571,5,,,43,0.511,0.467,-10.237,122.836,5
32.77777778,0.609555556,0.487277778,-18.26638889,118.6489444,5,,,32.778,0.61,0.487,-18.266,118.649,5
0,0.725,0.637,-20.615,134.819,8,,,0,0.725,0.637,-20.615,134.819,8
3,0.927,0.734,-10.544,132.788,10,,,3,0.927,0.734,-10.544,132.788,10
34.2295082,0.173145082,0.662786885,-9.768704918,133.0311803,9,,,34.23,0.173,0.663,-9.769,133.031,9
67.53333333,0.544466667,0.7898,-9.149266667,112.3448,1,,,67.533,0.544,0.79,-9.149,112.345,1
67,0.239,0.883,-4.098,126.677,6,,,67,0.239,0.883,-4.098,126.677,6
59,0.000122,0.514,-5.115,174.028,7,,,59,0,0.514,-5.115,174.028,7
57.5,0.1481,0.854,-6.997,100.7245,1,,,57.5,0.148,0.854,-6.997,100.725,1
61.8,0.14148488,0.749344,-6.631304,115.022024,1,,,61.8,0.141,0.749,-6.631,115.022,1
47.69230769,0.624769231,0.563615385,-8.338461538,117.0068462,7,,,47.692,0.625,0.564,-8.338,117.007,7
48.66666667,0.553888889,0.648444444,-11.45977778,114.8084444,2,,,48.667,0.554,0.648,-11.46,114.808,2
48,0.6045,0.7735,-12.669,105.7,10,,,48,0.605,0.774,-12.669,105.7,10
34.625,0.10555625,0.557125,-9.638125,103.08025,0,,,34.625,0.106,0.557,-9.638,103.08,0
67,0.847,0.41,-11.422,89.494,3,,,67,0.847,0.41,-11.422,89.494,3
43,0.538,0.731,-4.182,88.003,5,,,43,0.538,0.731,-4.182,88.003,5
79.25,0.011235,0.6405,-4.4735,151.01325,1,,,79.25,0.011,0.641,-4.474,151.013,1
45.8,0.0116314,0.5892,-5.2598,134.9694,2,,,45.8,0.012,0.589,-5.26,134.969,2
45.37142857,0.191610743,0.608742857,-6.2738,115.6158857,0,,,45.371,0.192,0.609,-6.274,115.616,0
43.5,0.01281645,0.4515,-4.26175,168.37125,2,,,43.5,0.013,0.452,-4.262,168.371,2
36,0.00841,0.255,-5.085,144.653,7,,,36,0.008,0.255,-5.085,144.653,7
42,0.000155,0.542,-5.025,119.128,1,,,42,0,0.542,-5.025,119.128,1
59.28571429,0.122685714,0.688428571,-7.505285714,87.36128571,1,,,59.286,0.123,0.688,-7.505,87.361,1
63,0.0114,0.696,-7.665,121.932,0,,,63,0.011,0.696,-7.665,121.932,0
50,0.0217,0.789,-6.629,149.368,4,,,50,0.022,0.789,-6.629,149.368,4
48.71428571,0.110858843,0.408428571,-5.050857143,150.5227143,6,,,48.714,0.111,0.408,-5.051,150.523,6
37,0.190832857,0.58447619,-13.28804762,118.4760952,9,,,37,0.191,0.584,-13.288,118.476,9
68,0.15845,0.61925,-6.588,114.87475,6,,,68,0.158,0.619,-6.588,114.875,6
27,0.588875,0.292525,-13.496375,100.623125,0,,,27,0.589,0.293,-13.496,100.623,0
41.57894737,0.230821053,0.560631579,-10.35405263,121.8002632,7,,,41.579,0.231,0.561,-10.354,121.8,7
37,0.27,0.929,-6.794,114.973,1,,,37,0.27,0.929,-6.794,114.973,1
50.16666667,0.138617917,0.677416667,-7.616583333,114.6452708,1,,,50.167,0.139,0.677,-7.617,114.645,1
52,0.991,0.414,-39.385,74.477,7,,,52,0.991,0.414,-39.385,74.477,7
50.5,0.0802665,0.385833333,-3.887,138.6921667,5,,,50.5,0.08,0.386,-3.887,138.692,5
31.75,0.104675,0.51175,-6.578,140.934,2,,,31.75,0.105,0.512,-6.578,140.934,2
32,0.67,0.466333333,-4.884,98.25366667,7,,,32,0.67,0.466,-4.884,98.254,7
23,0.8915,0.5895,-11.3485,97.4035,0,,,23,0.892,0.59,-11.349,97.404,0
19,0.08,0.739,-15.621,120.939,11,,,19,0.08,0.739,-15.621,120.939,11
24.25,0.4185,0.757,-9.72575,128.4975,9,,,24.25,0.419,0.757,-9.726,128.498,9
38.22222222,0.319855556,0.68,-13.46788889,121.7952222,9,,,38.222,0.32,0.68,-13.468,121.795,9
56,0.735,0.783,-8.507,99.802,10,,,56,0.735,0.783,-8.507,99.802,10
59.5,0.03799,0.699,-4.6865,131.0075,7,,,59.5,0.038,0.699,-4.687,131.008,7
57.02362205,0.135492835,0.749314961,-6.109748031,130.1137717,1,,,57.024,0.135,0.749,-6.11,130.114,1
0,0.00147,0.588,-5.582,96.007,7,,,0,0.001,0.588,-5.582,96.007,7
47,0.0717,0.814,-5.416,120.113,11,,,47,0.072,0.814,-5.416,120.113,11
30,0.0782,0.906,-13.632,126.073,9,,,30,0.078,0.906,-13.632,126.073,9
29,0.0718,0.781,-13.943,122.819,2,,,29,0.072,0.781,-13.943,122.819,2
35.80952381,0.052960762,0.873095238,-11.56585714,126.4129524,7,,,35.81,0.053,0.873,-11.566,126.413,7
51,0.00436,0.53,-6.19,134.068,10,,,51,0.004,0.53,-6.19,134.068,10
55.75,0.03078,0.69825,-11.52175,130.9715,5,,,55.75,0.031,0.698,-11.522,130.972,5
45,0.0348,0.788,-13.304,102.345,1,,,45,0.035,0.788,-13.304,102.345,1
56.33333333,0.002187667,0.879333333,-9.099,127.0146667,11,,,56.333,0.002,0.879,-9.099,127.015,11
33,0.0443,0.851,-10.707,117.847,11,,,33,0.044,0.851,-10.707,117.847,11
27,0.000236,0.458,-12.131,133.573,2,,,27,0,0.458,-12.131,133.573,2
48.33333333,0.905,0.229,-19.01433333,114.312,7,,,48.333,0.905,0.229,-19.014,114.312,7
1.25,0.475,0.463,-10.9785,125.39125,9,,,1.25,0.475,0.463,-10.979,125.391,9
0,0.995,0.501,-11.514,109.956,2,,,0,0.995,0.501,-11.514,109.956,2
0,0.831,0.346666667,-13.196,100.0243333,5,,,0,0.831,0.347,-13.196,100.024,5
67.01123596,0.13172491,0.781764045,-7.367921348,125.4378202,1,,,67.011,0.132,0.782,-7.368,125.438,1
16,0.948,0.789,-9.337,139.616,8,,,16,0.948,0.789,-9.337,139.616,8
0,4.58E-05,0.834,-14.531,139.997,7,,,0,0,0.834,-14.531,139.997,7
70,0.281,0.83,-6.892,143.892,11,,,70,0.281,0.83,-6.892,143.892,11
44,0.206,0.814,-6.928,126.976,7,,,44,0.206,0.814,-6.928,126.976,7
66.5,0.0598,0.5405,-5.4345,117.9925,1,,,66.5,0.06,0.541,-5.435,117.993,1
74.26315789,0.144525263,0.742947368,-5.020052632,120.7606316,0,,,74.263,0.145,0.743,-5.02,120.761,0
68,0.428,0.514,-7.281,76.393,2,,,68,0.428,0.514,-7.281,76.393,2
0,0.0158,0.591,-7.483,147.957,1,,,0,0.016,0.591,-7.483,147.957,1
59,0.603,0.5865,-8.705,122.251,2,,,59,0.603,0.587,-8.705,122.251,2
69.5,0.2912,0.6225,-9.2685,103.163,11,,,69.5,0.291,0.623,-9.269,103.163,11
58.66666667,0.085223333,0.688,-3.418333333,128.237,4,,,58.667,0.085,0.688,-3.418,128.237,4
48,0.176,0.615,-4.457,131.989,3,,,48,0.176,0.615,-4.457,131.989,3
49.125,0.133566868,0.773393382,-7.133066176,107.8097904,1,,,49.125,0.134,0.773,-7.133,107.81,1
42,0.0938,0.893,-7.514,94.307,1,,,42,0.094,0.893,-7.514,94.307,1
75,0.1,0.14,-10.145,185.121,1,,,75,0.1,0.14,-10.145,185.121,1
28.5,0.6055,0.433,-11.4885,89.173,1,,,28.5,0.606,0.433,-11.489,89.173,1
0,0.0013,0.516,-8.204,130.069,1,,,0,0.001,0.516,-8.204,130.069,1
35.14285714,0.046651429,0.907142857,-11.43957143,102.7008571,6,,,35.143,0.047,0.907,-11.44,102.701,6
41,0.5895,0.5515,-7.9145,103.9895,2,,,41,0.59,0.552,-7.915,103.99,2
16,0.0757,0.764,-10.295,96.114,1,,,16,0.076,0.764,-10.295,96.114,1
50.01960784,0.040607529,0.505862745,-5.749568627,130.7540588,7,,,50.02,0.041,0.506,-5.75,130.754,7
46,6.40E-05,0.367,-3.186,97,9,,,46,0,0.367,-3.186,97,9
0,0.479,0.599,-8.552,121.11,6,,,0,0.479,0.599,-8.552,121.11,6
40.45283019,0.020677875,0.615735849,-7.346490566,134.8383208,9,,,40.453,0.021,0.616,-7.346,134.838,9
77,0.671,0.98,-11.052,119.993,8,,,77,0.671,0.98,-11.052,119.993,8
54,0.113,0.772,-7.983,119.962,8,,,54,0.113,0.772,-7.983,119.962,8
53,0.00119,0.585,-4.843,160.079,0,,,53,0.001,0.585,-4.843,160.079,0
32.79487179,0.029172821,0.529076923,-11.3754359,126.7031282,0,,,32.795,0.029,0.529,-11.375,126.703,0
55,0.1492,0.7285,-4.36,131.919,1,,,55,0.149,0.729,-4.36,131.919,1
52,0.183,0.496,-3.648,127.961,1,,,52,0.183,0.496,-3.648,127.961,1
49.4,0.0558,0.7178,-5.9238,129.6848,6,,,49.4,0.056,0.718,-5.924,129.685,6
53.95,0.020766,0.68375,-3.92975,125.77265,5,,,53.95,0.021,0.684,-3.93,125.773,5
45.33333333,0.349666667,0.669666667,-11.056,113.091,10,,,45.333,0.35,0.67,-11.056,113.091,10
46,0.0165,0.719,-4.169,95.19,10,,,46,0.017,0.719,-4.169,95.19,10
28.33333333,0.159066667,0.850333333,-13.846,105.8423333,4,,,28.333,0.159,0.85,-13.846,105.842,4
38,0.0075,0.444,-4.962,99.655,2,,,38,0.008,0.444,-4.962,99.655,2
59.5,0.02194,0.515,-2.603,178.48,7,,,59.5,0.022,0.515,-2.603,178.48,7
48.33333333,0.18415,0.528666667,-10.1005,117.8765,7,,,48.333,0.184,0.529,-10.101,117.877,7
37,0.749,0.363,-8.608,76.099,11,,,37,0.749,0.363,-8.608,76.099,11
33.5,0.0104,0.2655,-4.733,154.4345,11,,,33.5,0.01,0.266,-4.733,154.435,11
57,0.00212,0.617,-6.983,138.001,3,,,57,0.002,0.617,-6.983,138.001,3
52,0.0102,0.76,-7.307,91.179,3,,,52,0.01,0.76,-7.307,91.179,3
69.22222222,0.196977778,0.846888889,-6.050555556,126.2526667,1,,,69.222,0.197,0.847,-6.051,126.253,1
4,0.885,0.314,-11.237,165.023,7,,,4,0.885,0.314,-11.237,165.023,7
30.5,0.016083825,0.4175,-8.59175,155.6615,9,,,30.5,0.016,0.418,-8.592,155.662,9
0,0.784,0.628,-18.878,130.486,0,,,0,0.784,0.628,-18.878,130.486,0
33.66666667,0.282333333,0.476333333,-10.05633333,111.2396667,4,,,33.667,0.282,0.476,-10.056,111.24,4
61,0.00589,0.54,-2.646,176.023,7,,,61,0.006,0.54,-2.646,176.023,7
61.01538462,0.043567354,0.547307692,-4.599892308,141.8839231,0,,,61.015,0.044,0.547,-4.6,141.884,0
52.34269663,0.122386348,0.695039326,-4.149426966,105.929427,1,,,52.343,0.122,0.695,-4.149,105.929,1
25.66666667,0.791833333,0.496166667,-12.67116667,117.9436667,7,,,25.667,0.792,0.496,-12.671,117.944,7
47.5,0.01643,0.809,-8.81,125.0315,11,,,47.5,0.016,0.809,-8.81,125.032,11
57,0.996,0,-47.19,0,1,,,57,0.996,0,-47.19,0,1
42,0.2275,0.6625,-11.6815,126.4555,9,,,42,0.228,0.663,-11.682,126.456,9
36,0.158,0.842,-8.227,78.001,4,,,36,0.158,0.842,-8.227,78.001,4
66,0.224,0.748,-4.704,137.033,6,,,66,0.224,0.748,-4.704,137.033,6
41.75,0.03269,0.851,-11.60925,133.01425,9,,,41.75,0.033,0.851,-11.609,133.014,9
63.86956522,0.266721304,0.637130435,-7.958130435,121.3756304,0,,,63.87,0.267,0.637,-7.958,121.376,0
57.5,0.443,0.7175,-8.5365,97.2875,3,,,57.5,0.443,0.718,-8.537,97.288,3
69.30769231,0.112184615,0.733730769,-5.134038462,123.0933846,1,,,69.308,0.112,0.734,-5.134,123.093,1
51,0.128,0.768,-6.543,98.963,11,,,51,0.128,0.768,-6.543,98.963,11
63,0.14,0.897,-13.63,95.02,1,,,63,0.14,0.897,-13.63,95.02,1
31,1.18E-05,0.451,-11.616,103.893,1,,,31,0,0.451,-11.616,103.893,1
41,9.03E-06,0.349,-12.339,114.581,9,,,41,0,0.349,-12.339,114.581,9
52.11111111,0.197222222,0.74,-8.151888889,99.07033333,10,,,52.111,0.197,0.74,-8.152,99.07,10
25,0.0645,0.671,-11.549,125.829,9,,,25,0.065,0.671,-11.549,125.829,9
48,0.762,0.712,-9.18,133.444,7,,,48,0.762,0.712,-9.18,133.444,7
42,0.00857,0.5535,-8.0475,128.4775,8,,,42,0.009,0.554,-8.048,128.478,8
54,0.13795,0.649,-5.637,122.3495,1,,,54,0.138,0.649,-5.637,122.35,1
68,0.0166,0.764,-4.274,150.021,6,,,68,0.017,0.764,-4.274,150.021,6
69.83333333,0.527466667,0.585,-9.008666667,109.5878333,1,,,69.833,0.527,0.585,-9.009,109.588,1
42.53846154,0.073376923,0.780538462,-6.487769231,122.0759231,1,,,42.538,0.073,0.781,-6.488,122.076,1
37.23333333,0.030979733,0.793266667,-9.0515,129.2988333,11,,,37.233,0.031,0.793,-9.052,129.299,11
60,0.103,0.834,-6.258,95.993,0,,,60,0.103,0.834,-6.258,95.993,0
57,0.463,0.697,-9.856,119.951,10,,,57,0.463,0.697,-9.856,119.951,10
70,0.952,0.748,-12.074,77.009,8,,,70,0.952,0.748,-12.074,77.009,8
66,0.637,0.597,-7.219,145.826,1,,,66,0.637,0.597,-7.219,145.826,1
66,0.139,0.816,-5.998,171.028,1,,,66,0.139,0.816,-5.998,171.028,1
31,0.179,0.744,-8.867,94.801,11,,,31,0.179,0.744,-8.867,94.801,11
49,0.34703,0.61025,-8.21425,101.6388,10,,,49,0.347,0.61,-8.214,101.639,10
62,0.545,0.817,-6.585,70.949,0,,,62,0.545,0.817,-6.585,70.949,0
59,0.0729,0.786,-4.247,105.078,2,,,59,0.073,0.786,-4.247,105.078,2
33.66666667,0.030186667,0.596,-9.655333333,132.0906667,2,,,33.667,0.03,0.596,-9.655,132.091,2
67.66666667,0.033133333,0.864333333,-8.401333333,90.15666667,0,,,67.667,0.033,0.864,-8.401,90.157,0
66,0.404,0.711,-6.81,108.02,11,,,66,0.404,0.711,-6.81,108.02,11
51,0.232,0.685,-8.679,90.4195,7,,,51,0.232,0.685,-8.679,90.42,7
25.11111111,0.218107778,0.632333333,-8.077222222,111.3006667,2,,,25.111,0.218,0.632,-8.077,111.301,2
39,0.198,0.885,-6.663,95.402,6,,,39,0.198,0.885,-6.663,95.402,6
66.64,0.2533864,0.730093333,-7.011053333,118.7338667,5,,,66.64,0.253,0.73,-7.011,118.734,5
27.5,0.132125,0.695,-7.848,125.9155,2,,,27.5,0.132,0.695,-7.848,125.916,2
53.42307692,0.026354052,0.402596154,-4.427519231,144.2214615,0,,,53.423,0.026,0.403,-4.428,144.221,0
29,0.0149,0.499,-7.903,111.949,2,,,29,0.015,0.499,-7.903,111.949,2
54,0.947,0.549,-7.778,119.58,0,,,54,0.947,0.549,-7.778,119.58,0
41.9047619,0.025411257,0.512666667,-9.317571429,145.6501905,2,,,41.905,0.025,0.513,-9.318,145.65,2
33,0.0126,0.444,-7.775,100.811,2,,,33,0.013,0.444,-7.775,100.811,2
59.125,0.6258,0.4695,-8.29675,119.454125,2,,,59.125,0.626,0.47,-8.297,119.454,2
48,0.03,0.683,-9.034,119.504,2,,,48,0.03,0.683,-9.034,119.504,2
37,0.854,0.507,-11.857,97.231,7,,,37,0.854,0.507,-11.857,97.231,7
3,0.955,0.717,-15.267,84.079,3,,,3,0.955,0.717,-15.267,84.079,3
62.66666667,0.833666667,0.792666667,-12.98133333,124.9906667,0,,,62.667,0.834,0.793,-12.981,124.991,0
47,0.754,0.542,-7.491,112.789,2,,,47,0.754,0.542,-7.491,112.789,2
49.47457627,0.109087908,0.519525424,-9.76320339,124.4771017,6,,,49.475,0.109,0.52,-9.763,124.477,6
0,0.597,0.303,-11.037,178.465,0,,,0,0.597,0.303,-11.037,178.465,0
66.33333333,0.1363,0.676,-8.663333333,101.286,2,,,66.333,0.136,0.676,-8.663,101.286,2
59.33333333,0.203033333,0.390666667,-4.385,152.9816667,7,,,59.333,0.203,0.391,-4.385,152.982,7
45,0.00121075,0.25275,-3.42325,123.785,10,,,45,0.001,0.253,-3.423,123.785,10
48,3.01E-05,0.555,-6.063,143.005,8,,,48,0,0.555,-6.063,143.005,8
45.75,0.326025,0.75475,-9.2815,126.93325,2,,,45.75,0.326,0.755,-9.282,126.933,2
62,0.0175985,0.4905,-5.9505,132.267,7,,,62,0.018,0.491,-5.951,132.267,7
63.75,0.31425,0.6755,-6.03175,128.456,9,,,63.75,0.314,0.676,-6.032,128.456,9
0.333333333,0.953,0.489,-14.82533333,81.77433333,7,,,0.333,0.953,0.489,-14.825,81.774,7
1,0.915,0.261,-10.377,111.529,3,,,1,0.915,0.261,-10.377,111.529,3
46.06617647,0.170033529,0.827669118,-9.829654412,97.87680147,11,,,46.066,0.17,0.828,-9.83,97.877,11
52,0.023,0.658,-5.408,133.442,3,,,52,0.023,0.658,-5.408,133.442,3
46,0.767,0.0804,-21.007,82.14,11,,,46,0.767,0.08,-21.007,82.14,11
59,0.0889,0.9,-5.516,140.023,0,,,59,0.089,0.9,-5.516,140.023,0
61.55882353,0.115947059,0.745882353,-5.340411765,137.2497059,1,,,61.559,0.116,0.746,-5.34,137.25,1
59.22222222,0.244255556,0.780666667,-5.916666667,129.4382222,8,,,59.222,0.244,0.781,-5.917,129.438,8
55,0.143,0.79,-5.098333333,121.6696667,11,,,55,0.143,0.79,-5.098,121.67,11
63.39583333,0.193702406,0.671229167,-6.87225,128.9268854,1,,,63.396,0.194,0.671,-6.872,128.927,1
55.25,0.253225,0.73025,-6.6955,135.7855,0,,,55.25,0.253,0.73,-6.696,135.786,0
45.33333333,0.04309,0.717,-5.705666667,124.9966667,4,,,45.333,0.043,0.717,-5.706,124.997,4
59,0.583,0.399,-5.801,133.175,8,,,59,0.583,0.399,-5.801,133.175,8
0,0.0209,0.5105,-4.0415,150.0085,3,,,0,0.021,0.511,-4.042,150.009,3
52,0.29,0.542,-11.702,123.971,10,,,52,0.29,0.542,-11.702,123.971,10
56.6,0.009398,0.7048,-3.6818,131.1848,1,,,56.6,0.009,0.705,-3.682,131.185,1
24,0.426,0.589,-13.483,130.272,0,,,24,0.426,0.589,-13.483,130.272,0
12.57142857,0.968571429,0.608,-10.92114286,122.0758571,10,,,12.571,0.969,0.608,-10.921,122.076,10
0,0.995,0.357,-14.339,111.982,7,,,0,0.995,0.357,-14.339,111.982,7
4.818181818,0.899681818,0.541772727,-10.32381818,131.5843182,6,,,4.818,0.9,0.542,-10.324,131.584,6
0,0.962,0.366,-14.905,145.377,0,,,0,0.962,0.366,-14.905,145.377,0
0,0.924,0.508,-14.508,111.486,4,,,0,0.924,0.508,-14.508,111.486,4
0,0.881,0.5442,-7.3552,107.5496,2,,,0,0.881,0.544,-7.355,107.55,2
31,0.182,0.809,-10.875,112.688,8,,,31,0.182,0.809,-10.875,112.688,8
0,0.975833333,0.619666667,-10.13125,115.7141667,2,,,0,0.976,0.62,-10.131,115.714,2
0,0.957952381,0.68547619,-9.76452381,114.622619,7,,,0,0.958,0.685,-9.765,114.623,7
0,0.991571429,0.624285714,-11.38385714,142.5682857,8,,,0,0.992,0.624,-11.384,142.568,8
0,0.993,0.564,-13.142,105.9,11,,,0,0.993,0.564,-13.142,105.9,11
51.4,0.1031,0.7446,-4.8144,115.0444,7,,,51.4,0.103,0.745,-4.814,115.044,7
50.71428571,0.357457143,0.769333333,-5.377380952,135.0795238,11,,,50.714,0.357,0.769,-5.377,135.08,11
9,0.983,0.118,-22.774,169.421,4,,,9,0.983,0.118,-22.774,169.421,4
64,0.494,0.734,-8.192,190.011,1,,,64,0.494,0.734,-8.192,190.011,1
46.5,0.06175,0.781,-7.999,92.1815,9,,,46.5,0.062,0.781,-7.999,92.182,9
14,0.0609,0.411,-4.625,110.205,0,,,14,0.061,0.411,-4.625,110.205,0
2,0.914,0.622,-11.48866667,111.8956667,3,,,2,0.914,0.622,-11.489,111.896,3
29,0.119,0.581,-10.862,117.035,9,,,29,0.119,0.581,-10.862,117.035,9
56.125,0.3355525,0.65225,-11.055,122.08775,2,,,56.125,0.336,0.652,-11.055,122.088,2
33,0.412,0.798,-8.625,83.971,4,,,33,0.412,0.798,-8.625,83.971,4
1,0.00115,0.592,-8.472,137.016,6,,,1,0.001,0.592,-8.472,137.016,6
64,0.464,0.968,-8.084,119.953,7,,,64,0.464,0.968,-8.084,119.953,7
87,0.166633333,0.742666667,-5.921333333,121.2963333,8,,,87,0.167,0.743,-5.921,121.296,8
43.25396825,0.345721746,0.575166667,-8.492928571,121.5762063,2,,,43.254,0.346,0.575,-8.493,121.576,2
42.44444444,0.231155556,0.687333333,-7.475555556,122.3861111,9,,,42.444,0.231,0.687,-7.476,122.386,9
62,0.0789,0.656,-4.223,95.974,5,,,62,0.079,0.656,-4.223,95.974,5
42,0.160175,0.75725,-6.952,137.1425,4,,,42,0.16,0.757,-6.952,137.143,4
52,0.0383,0.651,-5.288,146.07,5,,,52,0.038,0.651,-5.288,146.07,5
51.40116279,0.027053639,0.476389535,-4.818866279,128.0388023,9,,,51.401,0.027,0.476,-4.819,128.039,9
62,0.000319,0.73,-8.085,119.997,1,,,62,0,0.73,-8.085,119.997,1
42.22222222,0.006557275,0.390138889,-5.111388889,127.02575,4,,,42.222,0.007,0.39,-5.111,127.026,4
67,0.941,0.525,-14.938,122.214,11,,,67,0.941,0.525,-14.938,122.214,11
58,0.262,0.606,-2.114,129.965,7,,,58,0.262,0.606,-2.114,129.965,7
51,0.839,0.529,-9.333,111.131,10,,,51,0.839,0.529,-9.333,111.131,10
62,0.431,0.75,-9.576,90.998,0,,,62,0.431,0.75,-9.576,90.998,0
72.375,0.3817,0.604,-5.99025,111.603375,5,,,72.375,0.382,0.604,-5.99,111.603,5
61.6,0.5154,0.68,-6.3206,113.7878,7,,,61.6,0.515,0.68,-6.321,113.788,7
48.44444444,0.230612667,0.524,-6.656,105.0102222,0,,,48.444,0.231,0.524,-6.656,105.01,0
57.6440678,0.172479864,0.605389831,-5.570847458,114.0378475,7,,,57.644,0.172,0.605,-5.571,114.038,7
47,0.54,0.771,-4.608,139.991,5,,,47,0.54,0.771,-4.608,139.991,5
54,0.282,0.797,-12.625,139.988,7,,,54,0.282,0.797,-12.625,139.988,7
64,0.0989,0.578,-2.132,133.964,5,,,64,0.099,0.578,-2.132,133.964,5
65,0.0109,0.699,-5.704,102.023,11,,,65,0.011,0.699,-5.704,102.023,11
58,0.271,0.922,-4.652,104.979,1,,,58,0.271,0.922,-4.652,104.979,1
57,0.362,0.815,-9.28,87.983,0,,,57,0.362,0.815,-9.28,87.983,0
36.33333333,0.011183333,0.829666667,-11.56433333,101.9806667,7,,,36.333,0.011,0.83,-11.564,101.981,7
0.020618557,0.973556701,0.488216495,-10.93320619,112.6992371,11,,,0.021,0.974,0.488,-10.933,112.699,11
56,0.43,0.758,-2.502,119.992,5,,,56,0.43,0.758,-2.502,119.992,5
33,0.0578,0.601,-8.006,136.421,10,,,33,0.058,0.601,-8.006,136.421,10
40.4375,0.4828125,0.49815625,-12.066375,121.1039063,2,,,40.438,0.483,0.498,-12.066,121.104,2
0,0.010436667,0.772333333,-9.748666667,128.383,11,,,0,0.01,0.772,-9.749,128.383,11
57,0.0268,0.438,-4.158,127.991,0,,,57,0.027,0.438,-4.158,127.991,0
57,0.000520817,0.417,-4.0715,156.3535,4,,,57,0.001,0.417,-4.072,156.354,4
58,0.102866667,0.680333333,-6.191666667,131.479,10,,,58,0.103,0.68,-6.192,131.479,10
68,0.0503,0.572,-1.949,129.979,4,,,68,0.05,0.572,-1.949,129.979,4
79,0.294,0.904,-17.54,117.994,5,,,79,0.294,0.904,-17.54,117.994,5
36,0.0401,0.797,-9.228,123.686,2,,,36,0.04,0.797,-9.228,123.686,2
73,0.359,0.409,-7.731,89.968,9,,,73,0.359,0.409,-7.731,89.968,9
61.6,0.7166,0.431,-11.0328,122.563,11,,,61.6,0.717,0.431,-11.033,122.563,11
62,0.0351,0.549,-6.515,180.043,3,,,62,0.035,0.549,-6.515,180.043,3
58,0.137,0.72,-5.212,140.027,5,,,58,0.137,0.72,-5.212,140.027,5
30,0.00325,0.494,-5.188,191.967,4,,,30,0.003,0.494,-5.188,191.967,4
55.35294118,0.256893529,0.628411765,-7.504470588,135.2505294,1,,,55.353,0.257,0.628,-7.504,135.251,1
44.78947368,0.180465579,0.726578947,-7.812157895,97.83547368,9,,,44.789,0.18,0.727,-7.812,97.835,9
51,0.0503,0.665,-4.804,98.811,2,,,51,0.05,0.665,-4.804,98.811,2
0,0.935,0.43,-11.102,135.713,6,,,0,0.935,0.43,-11.102,135.713,6
43.66666667,0.172010769,0.677871795,-8.014794872,124.3112564,9,,,43.667,0.172,0.678,-8.015,124.311,9
40,0.375,0.558,-10.637,134.339,4,,,40,0.375,0.558,-10.637,134.339,4
46,0.02728,0.8655,-4.302,113.5295,1,,,46,0.027,0.866,-4.302,113.53,1
7.56,0.955224,0.3502792,-19.230776,106.760888,7,,,7.56,0.955,0.35,-19.231,106.761,7
58,0.896,0.786,-11.429,99.978,0,,,58,0.896,0.786,-11.429,99.978,0
39.25,0.0393825,0.7086875,-7.8096875,126.084125,11,,,39.25,0.039,0.709,-7.81,126.084,11
44,0.113,0.785,-10.278,110.013,8,,,44,0.113,0.785,-10.278,110.013,8
67,0.758,0.325,-11.595,81.869,6,,,67,0.758,0.325,-11.595,81.869,6
41.6,0.36384,0.6478,-11.377,103.2964,7,,,41.6,0.364,0.648,-11.377,103.296,7
62,0.9925,0.413,-27.8425,94.446,7,,,62,0.993,0.413,-27.843,94.446,7
53.85714286,0.254961905,0.582809524,-5.857238095,126.9920476,6,,,53.857,0.255,0.583,-5.857,126.992,6
44.66666667,0.687333333,0.5245,-10.2215,128.7728333,7,,,44.667,0.687,0.525,-10.222,128.773,7
0,0.00188,0.807,-6.216,126.005,1,,,0,0.002,0.807,-6.216,126.005,1
65,0.2055,0.7735,-8.2015,141.0915,10,,,65,0.206,0.774,-8.202,141.092,10
43.57142857,0.449528571,0.550214286,-11.95471429,124.2169286,2,,,43.571,0.45,0.55,-11.955,124.217,2
60,0.334,0.352,-7.412,88.855,10,,,60,0.334,0.352,-7.412,88.855,10
51,0.02325,0.5015,-4.918,113.99,2,,,51,0.023,0.502,-4.918,113.99,2
77,0.0726,0.7355,-8.159,119.9395,10,,,77,0.073,0.736,-8.159,119.94,10
41.54545455,0.199845455,0.652454545,-8.830818182,113.9722727,6,,,41.545,0.2,0.652,-8.831,113.972,6
46.5,0.672,0.51275,-7.487,122.951,2,,,46.5,0.672,0.513,-7.487,122.951,2
50.25,0.083475,0.6535,-7.05525,138.97075,4,,,50.25,0.083,0.654,-7.055,138.971,4
55.83333333,0.22775,0.640083333,-5.307416667,131.42675,7,,,55.833,0.228,0.64,-5.307,131.427,7
50,0.995,0.445,-25.606,58.875,0,,,50,0.995,0.445,-25.606,58.875,0
0,0.941714286,0.331428571,-14.08214286,141.928,6,,,0,0.942,0.331,-14.082,141.928,6
0,0.974,0.357,-12.6985,97.7235,3,,,0,0.974,0.357,-12.699,97.724,3
51.52631579,0.196336842,0.645947368,-6.500894737,110.8102632,10,,,51.526,0.196,0.646,-6.501,110.81,10
44,0.00115,0.313,-4.51,138.721,5,,,44,0.001,0.313,-4.51,138.721,5
37,0.0167,0.436,-8.857,80.241,9,,,37,0.017,0.436,-8.857,80.241,9
0,0.987897436,0.542820513,-15.35338462,115.8226667,2,,,0,0.988,0.543,-15.353,115.823,2
20.33333333,0.429333333,0.478666667,-9.486,82.38866667,7,,,20.333,0.429,0.479,-9.486,82.389,7
66,0.172,0.62,-5.317,99.963,11,,,66,0.172,0.62,-5.317,99.963,11
34,0.771,0.414,-17.827,108.59,0,,,34,0.771,0.414,-17.827,108.59,0
0,0.9456,0.4162,-9.8984,106.046,0,,,0,0.946,0.416,-9.898,106.046,0
0,0.799,0.375,-15.139,100.048,8,,,0,0.799,0.375,-15.139,100.048,8
21.44827586,0.861931034,0.392241379,-10.98734483,114.0124138,5,,,21.448,0.862,0.392,-10.987,114.012,5
0,0.994,0.599,-10.296,131.624,11,,,0,0.994,0.599,-10.296,131.624,11
0,0.721,0.425,-23.055,95.668,11,,,0,0.721,0.425,-23.055,95.668,11
0,0.985,0.475,-5.571,135.044,8,,,0,0.985,0.475,-5.571,135.044,8
0,0.949,0.464,-15.847,161.644,4,,,0,0.949,0.464,-15.847,161.644,4
0,0.984,0.439,-8.124,106.6,4,,,0,0.984,0.439,-8.124,106.6,4
54.77777778,0.569444444,0.527111111,-7.603666667,119.2708889,7,,,54.778,0.569,0.527,-7.604,119.271,7
0,0.995,0.518,-9.486,109.832,6,,,0,0.995,0.518,-9.486,109.832,6
0,0.996,0.48825,-23.91375,120.875,5,,,0,0.996,0.488,-23.914,120.875,5
61,0.406,0.722,-7.4595,106.4485,7,,,61,0.406,0.722,-7.46,106.449,7
30.5,0.0778,0.866,-10.482,94.013,2,,,30.5,0.078,0.866,-10.482,94.013,2
0,0.94775,0.536,-9.758,97.8895,7,,,0,0.948,0.536,-9.758,97.89,7
21.33333333,0.635333333,0.423,-8.540666667,150.7333333,0,,,21.333,0.635,0.423,-8.541,150.733,0
0,0.224,0.409,-19.638,79.765,2,,,0,0.224,0.409,-19.638,79.765,2
18,0.012136667,0.62,-7.624333333,130.6103333,2,,,18,0.012,0.62,-7.624,130.61,2
30,0.00183,0.699,-8.925,97.842,1,,,30,0.002,0.699,-8.925,97.842,1
53,0.338,0.617,-13.622,131.562,2,,,53,0.338,0.617,-13.622,131.562,2
0,0.8845,0.254333333,-13.37016667,102.5251667,4,,,0,0.885,0.254,-13.37,102.525,4
0,0.222,0.633,-14.347,120.137,4,,,0,0.222,0.633,-14.347,120.137,4
0,0.994166667,0.604333333,-23.8075,113.2733333,9,,,0,0.994,0.604,-23.808,113.273,9
27,0.00704,0.162,-3.791,150.709,5,,,27,0.007,0.162,-3.791,150.709,5
0,0.88,0.512,-23.356,170.668,2,,,0,0.88,0.512,-23.356,170.668,2
72,0.23,0.688,-10.668,85.486,6,,,72,0.23,0.688,-10.668,85.486,6
59,0.0901,0.641,-10.398,79.038,7,,,59,0.09,0.641,-10.398,79.038,7
36,0.00194,0.402,-12.535,177.752,11,,,36,0.002,0.402,-12.535,177.752,11
0,0.9175,0.5753,-17.4629,104.0245,0,,,0,0.918,0.575,-17.463,104.025,0
43,0.968,0.176,-14.729,103.964,10,,,43,0.968,0.176,-14.729,103.964,10
41,0.9725,0.14665,-35.9045,133.3905,7,,,41,0.973,0.147,-35.905,133.391,7
48.63636364,0.890181818,0.334272727,-19.91254545,115.4035455,4,,,48.636,0.89,0.334,-19.913,115.404,4
34.775,0.948525,0.26819625,-23.0620375,100.4099,7,,,34.775,0.949,0.268,-23.062,100.41,7
28.57142857,0.976857143,0.275942857,-17.68371429,100.1072857,7,,,28.571,0.977,0.276,-17.684,100.107,7
45.66666667,0.409333333,0.703,-7.294666667,127.2886667,2,,,45.667,0.409,0.703,-7.295,127.289,2
46.75,0.86525,0.43725,-16.99225,115.5995,2,,,46.75,0.865,0.437,-16.992,115.6,2
37.42105263,0.003812432,0.438052632,-9.537210526,127.6598947,11,,,37.421,0.004,0.438,-9.537,127.66,11
46,0.066836,0.417,-4.3525,126.8425,1,,,46,0.067,0.417,-4.353,126.843,1
61,0.587,0.717,-13.954,123.213,0,,,61,0.587,0.717,-13.954,123.213,0
32.83333333,0.143044167,0.53875,-6.91725,119.3305,1,,,32.833,0.143,0.539,-6.917,119.331,1
54.4,0.070447,0.6828,-4.9226,145.9247,1,,,54.4,0.07,0.683,-4.923,145.925,1
0,0.000871,0.455,-9.063,101.993,8,,,0,0.001,0.455,-9.063,101.993,8
55,0.0286422,0.7228,-6.6183,103.6322,11,,,55,0.029,0.723,-6.618,103.632,11
9.904761905,0.67447619,0.381714286,-9.652047619,112.0494286,10,,,9.905,0.674,0.382,-9.652,112.049,10
36.66666667,0.04072,0.799333333,-7.604666667,94.22566667,7,,,36.667,0.041,0.799,-7.605,94.226,7
3.5,0.986333333,0.3855,-23.48383333,106.1141667,5,,,3.5,0.986,0.386,-23.484,106.114,5
36.125,0.017189526,0.32475,-7.25,124.539125,1,,,36.125,0.017,0.325,-7.25,124.539,1
55,0.693,0.509,-9.542,171.845,0,,,55,0.693,0.509,-9.542,171.845,0
44,0.00352,0.321,-10.374,117.853,5,,,44,0.004,0.321,-10.374,117.853,5
0,0.00282,0.795,-8.764,128.007,5,,,0,0.003,0.795,-8.764,128.007,5
40.33333333,0.829,0.288,-16.54933333,110.8663333,10,,,40.333,0.829,0.288,-16.549,110.866,10
29,0.3455,0.64,-12.539,90.6215,11,,,29,0.346,0.64,-12.539,90.622,11
56.25,0.147466667,0.555083333,-6.062166667,111.1776667,1,,,56.25,0.147,0.555,-6.062,111.178,1
49,0.284,0.572,-8.919,134.962,8,,,49,0.284,0.572,-8.919,134.962,8
0,0.000844,0.734,-6.622,129.992,5,,,0,0.001,0.734,-6.622,129.992,5
0.055555556,0.988722222,0.634,-13.38794444,129.3695556,5,,,0.056,0.989,0.634,-13.388,129.37,5
2,0.954,0.394,-9.846,87.502,9,,,2,0.954,0.394,-9.846,87.502,9
32.6,0.708,0.6474,-5.8315,119.267,5,,,32.6,0.708,0.647,-5.832,119.267,5
39,0.0123,0.33,-10.362,174.636,9,,,39,0.012,0.33,-10.362,174.636,9
36.375,0.0856375,0.595375,-5.1415,109.099625,9,,,36.375,0.086,0.595,-5.142,109.1,9
63.5,0.0795,0.8155,-6.4515,126.4465,1,,,63.5,0.08,0.816,-6.452,126.447,1
0,0.994666667,0.558,-21.91066667,142.289,5,,,0,0.995,0.558,-21.911,142.289,5
38,0.866,0.618,-9.824,106.906,10,,,38,0.866,0.618,-9.824,106.906,10
44,0.362,0.483,-6.083,161.02,0,,,44,0.362,0.483,-6.083,161.02,0
57,0.00242,0.503,-2.888,183.601,1,,,57,0.002,0.503,-2.888,183.601,1
62,0.00833,0.274,-4.388,179.067,2,,,62,0.008,0.274,-4.388,179.067,2
36,0.751,0.536,-24.76,148.165,4,,,36,0.751,0.536,-24.76,148.165,4
55.28571429,0.167917286,0.532,-4.266285714,140.3574286,2,,,55.286,0.168,0.532,-4.266,140.357,2
36,0.346,0.386,-6.094,173.104,9,,,36,0.346,0.386,-6.094,173.104,9
65,0.356,0.557,-5.134,125.324,4,,,65,0.356,0.557,-5.134,125.324,4
56,0.0094,0.731,-6.671,128.04,2,,,56,0.009,0.731,-6.671,128.04,2
60.8,0.050732,0.5706,-4.5908,130.1084,4,,,60.8,0.051,0.571,-4.591,130.108,4
61.625,0.194925,0.5685,-5.41275,124.57525,1,,,61.625,0.195,0.569,-5.413,124.575,1
65,0.953,0.493,-12.815,79.959,2,,,65,0.953,0.493,-12.815,79.959,2
45.16666667,0.325714444,0.505111111,-6.209777778,136.6405556,0,,,45.167,0.326,0.505,-6.21,136.641,0
44,0.958,0.531,-20.792,80.418,0,,,44,0.958,0.531,-20.792,80.418,0
44,0.772,0.509,-7.958,124.678,0,,,44,0.772,0.509,-7.958,124.678,0
42.85714286,0.672714286,0.549857143,-10.514,110.4292857,9,,,42.857,0.673,0.55,-10.514,110.429,9
52,0.0241,0.785,-13.945,119.983,10,,,52,0.024,0.785,-13.945,119.983,10
48,0.182033333,0.516,-3.981333333,130.514,6,,,48,0.182,0.516,-3.981,130.514,6
56.5,0.6395,0.7825,-6.0625,137.506,5,,,56.5,0.64,0.783,-6.063,137.506,5
0,0.994,0.446,-19.325,88.434,11,,,0,0.994,0.446,-19.325,88.434,11
61.475,0.439098,0.564775,-6.90435,118.62625,0,,,61.475,0.439,0.565,-6.904,118.626,0
0.222222222,0.980555556,0.450777778,-14.77166667,87.90122222,7,,,0.222,0.981,0.451,-14.772,87.901,7
0.5,0.995,0.5525,-12.223,115.764,3,,,0.5,0.995,0.553,-12.223,115.764,3
52.14285714,0.002160643,0.492285714,-3.833428571,120.986,1,,,52.143,0.002,0.492,-3.833,120.986,1
48.66666667,0.000224667,0.429666667,-4.866,139.7843333,6,,,48.667,0,0.43,-4.866,139.784,6
38,0.0217,0.815,-10.283,119.029,11,,,38,0.022,0.815,-10.283,119.029,11
0,0.8965,0.5335,-9.818,93.3165,1,,,0,0.897,0.534,-9.818,93.317,1
61,0.804,0.295,-16.632,150.454,4,,,61,0.804,0.295,-16.632,150.454,4
48.8,0.09696,0.7108,-5.8206,85.612,11,,,48.8,0.097,0.711,-5.821,85.612,11
5,0.979,0.83,-13.366,106.533,8,,,5,0.979,0.83,-13.366,106.533,8
47,0.128,0.722,-5.601,118.804,1,,,47,0.128,0.722,-5.601,118.804,1
28,0.599,0.581,-15.327,145.918,7,,,28,0.599,0.581,-15.327,145.918,7
62.375,0.47075,0.64475,-6.509375,102.9085,8,,,62.375,0.471,0.645,-6.509,102.909,8
32.0625,0.004174669,0.431125,-7.475875,107.364375,2,,,32.063,0.004,0.431,-7.476,107.364,2
0,0.9846,0.4192,-19.4296,101.6,7,,,0,0.985,0.419,-19.43,101.6,7
0,0.966,0.398,-13.793,81.39,1,,,0,0.966,0.398,-13.793,81.39,1
0.666666667,0.943777778,0.696222222,-17.80266667,114.419,4,,,0.667,0.944,0.696,-17.803,114.419,4
33,0.125,0.686,-9.03,101.66,7,,,33,0.125,0.686,-9.03,101.66,7
0,0.93688,0.30916,-16.35548,110.95008,3,,,0,0.937,0.309,-16.355,110.95,3
0,0.946666667,0.3375,-17.32083333,89.32833333,7,,,0,0.947,0.338,-17.321,89.328,7
5.939393939,0.879969697,0.314869697,-19.52036364,113.9180303,8,,,5.939,0.88,0.315,-19.52,113.918,8
0.666666667,0.888666667,0.511833333,-15.19733333,86.46283333,5,,,0.667,0.889,0.512,-15.197,86.463,5
21,0.887166667,0.284666667,-20.84033333,96.17683333,3,,,21,0.887,0.285,-20.84,96.177,3
0,0.9875,0.487333333,-13.9935,96.75116667,7,,,0,0.988,0.487,-13.994,96.751,7
51,0.945,0.141,-37.571,140.372,2,,,51,0.945,0.141,-37.571,140.372,2
3,0.0747,0.579,-6.05,150.003,9,,,3,0.075,0.579,-6.05,150.003,9
0,0.961333333,0.505,-10.405,116.0903333,4,,,0,0.961,0.505,-10.405,116.09,4
16,0.0757,0.764,-10.295,96.114,1,,,16,0.076,0.764,-10.295,96.114,1
61,0.000926,0.855,-2.574,127.989,9,,,61,0.001,0.855,-2.574,127.989,9
49,0.469,0.472,-6.215,86.571,2,,,49,0.469,0.472,-6.215,86.571,2
59,0.0472,0.849,-6.365,102.014,4,,,59,0.047,0.849,-6.365,102.014,4
38,0.17625,0.6585,-7.95125,140.28975,9,,,38,0.176,0.659,-7.951,140.29,9
57,0.839,0.458,-8.505,86.945,9,,,57,0.839,0.458,-8.505,86.945,9
35.625,0.8395,0.42175,-15.20775,122.915875,7,,,35.625,0.84,0.422,-15.208,122.916,7
0,0.662,0.715,-2.899,107.091,2,,,0,0.662,0.715,-2.899,107.091,2
48,0.971,0.441,-17.787,139.803,1,,,48,0.971,0.441,-17.787,139.803,1
12,0.991,0.318,-13.721,104.139,1,,,12,0.991,0.318,-13.721,104.139,1
83,0.894,0.522,-18.717,109.986,4,,,83,0.894,0.522,-18.717,109.986,4
53,0.628,0.632,-6.328,81.966,0,,,53,0.628,0.632,-6.328,81.966,0
33,0.884,0.579,-21.166,118.992,8,,,33,0.884,0.579,-21.166,118.992,8
50,0.937,0.444,-13.476,154.857,1,,,50,0.937,0.444,-13.476,154.857,1
46,0.906,0.31,-17.338,129.938,2,,,46,0.906,0.31,-17.338,129.938,2
0,0.991,0.39,-15.216,96.6,6,,,0,0.991,0.39,-15.216,96.6,6
44.66666667,0.397333333,0.757666667,-11.78333333,108.0333333,8,,,44.667,0.397,0.758,-11.783,108.033,8
68.33333333,0.385,0.793,-5.986666667,107.6663333,7,,,68.333,0.385,0.793,-5.987,107.666,7
0,0.962555556,0.618444444,-17.958,103.974,9,,,0,0.963,0.618,-17.958,103.974,9
0,0.963333333,0.608833333,-11.13066667,110.1221667,7,,,0,0.963,0.609,-11.131,110.122,7
31,0.182,0.809,-10.875,112.688,8,,,31,0.182,0.809,-10.875,112.688,8
53.5,0.017245,0.5695,-4.82,136.4995,9,,,53.5,0.017,0.57,-4.82,136.5,9
63,0.856,0.58175,-15.284,109.2725,7,,,63,0.856,0.582,-15.284,109.273,7
49,0.528,0.431,-5.797,139.438,2,,,49,0.528,0.431,-5.797,139.438,2
0,0.0912,0.636,-9.192,105.994,1,,,0,0.091,0.636,-9.192,105.994,1
51.2,0.14656,0.84,-7.0498,106.211,9,,,51.2,0.147,0.84,-7.05,106.211,9
63,0.0445,0.573,-4.132,170.007,2,,,63,0.045,0.573,-4.132,170.007,2
41.34166667,0.079990739,0.446933333,-7.641616667,128.49495,9,,,41.342,0.08,0.447,-7.642,128.495,9
0,0.00324,0.774,-11.074,135.981,1,,,0,0.003,0.774,-11.074,135.981,1
42.54545455,0.221072727,0.691727273,-7.692545455,108.4061364,2,,,42.545,0.221,0.692,-7.693,108.406,2
0,0.9945,0.3945,-11.336,149.181,7,,,0,0.995,0.395,-11.336,149.181,7
58,0.682,0.776,-10.094,97.486,8,,,58,0.682,0.776,-10.094,97.486,8
63,0.0261,0.724,-0.354,92.478,1,,,63,0.026,0.724,-0.354,92.478,1
44,0.382,0.567,-6.493,93.668,10,,,44,0.382,0.567,-6.493,93.668,10
0,0.0105,0.856,-3.071,122.985,0,,,0,0.011,0.856,-3.071,122.985,0
42,0.388,0.712,-5.115,131.812,2,,,42,0.388,0.712,-5.115,131.812,2
40.5,0.04965,0.86675,-7.31225,125.543,6,,,40.5,0.05,0.867,-7.312,125.543,6
65,0.0206,0.966,-6.392,108.011,2,,,65,0.021,0.966,-6.392,108.011,2
42,0.0489,0.637,-7.29,99.008,11,,,42,0.049,0.637,-7.29,99.008,11
52,0.354,0.591,-11.801,136.568,2,,,52,0.354,0.591,-11.801,136.568,2
50.90909091,0.096509091,0.710909091,-4.485181818,124.5365455,7,,,50.909,0.097,0.711,-4.485,124.537,7
53.375,0.1913625,0.8705,-8.286875,128.117375,7,,,53.375,0.191,0.871,-8.287,128.117,7
25.66666667,0.174,0.733,-5.840666667,97.02566667,4,,,25.667,0.174,0.733,-5.841,97.026,4
0,0.984,0.441,-10.552,67.74,5,,,0,0.984,0.441,-10.552,67.74,5
40.3,0.139,0.6855,-9.2334,112.9209,8,,,40.3,0.139,0.686,-9.233,112.921,8
50,0.002115983,0.468666667,-4.894666667,124.542,6,,,50,0.002,0.469,-4.895,124.542,6
48,0.184545,0.6915,-7.835,121.0955,7,,,48,0.185,0.692,-7.835,121.096,7
57,0.214,0.842,-3.731,90.312,10,,,57,0.214,0.842,-3.731,90.312,10
0,0.948,0.5055,-7.676,96.463,2,,,0,0.948,0.506,-7.676,96.463,2
49,0.00793,0.383,-3.056,96.608,11,,,49,0.008,0.383,-3.056,96.608,11
49.5,0.143368517,0.517666667,-5.5805,127.7963333,0,,,49.5,0.143,0.518,-5.581,127.796,0
77,0.059906667,0.466666667,-5.769666667,145.0246667,4,,,77,0.06,0.467,-5.77,145.025,4
0,0.766,0.39,-6.044,107.372,1,,,0,0.766,0.39,-6.044,107.372,1
70,0.85,0.306,-15.551,174.053,0,,,70,0.85,0.306,-15.551,174.053,0
59,0.994,0.33,-34.638,85.067,5,,,59,0.994,0.33,-34.638,85.067,5
0,0.9908,0.4402,-10.1612,71.3432,7,,,0,0.991,0.44,-10.161,71.343,7
36.4,0.17004856,0.298866667,-8.661066667,157.1668667,4,,,36.4,0.17,0.299,-8.661,157.167,4
34,2.52E-06,0.123,-2.727,191.533,7,,,34,0,0.123,-2.727,191.533,7
0,0.9928,0.4922,-15.7238,98.1468,3,,,0,0.993,0.492,-15.724,98.147,3
62,0.00645,0.621,-3.124,127.973,2,,,62,0.006,0.621,-3.124,127.973,2
36.5,0.9745,0.294,-19.6075,98.0515,2,,,36.5,0.975,0.294,-19.608,98.052,2
0,0.920666667,0.281,-11.72833333,113.6776667,2,,,0,0.921,0.281,-11.728,113.678,2
20,0.7755,0.531,-11.5485,108.4935,2,,,20,0.776,0.531,-11.549,108.494,2
52,0.959,0.439,-20.299,116.8325,9,,,52,0.959,0.439,-20.299,116.833,9
21.75,0.79175,0.477,-12.9195,102.715,7,,,21.75,0.792,0.477,-12.92,102.715,7
43.33333333,0.0594,0.595666667,-16.45,102.6436667,2,,,43.333,0.059,0.596,-16.45,102.644,2
45,0.99,0.118,-22.065,75.93,10,,,45,0.99,0.118,-22.065,75.93,10
36.66666667,0.0053022,0.266333333,-6.245,131.5473333,4,,,36.667,0.005,0.266,-6.245,131.547,4
31,0.0452,0.936,-5.902,125.996,0,,,31,0.045,0.936,-5.902,125.996,0
57,0.391,0.761,-11.7,102.004,9,,,57,0.391,0.761,-11.7,102.004,9
32,0.0026,0.272,-6.896,85.399,0,,,32,0.003,0.272,-6.896,85.399,0
3,0.105,0.591,-11.876,153.377,11,,,3,0.105,0.591,-11.876,153.377,11
67.16666667,0.009499667,0.578666667,-4.358,114.8205,8,,,67.167,0.009,0.579,-4.358,114.821,8
0,0.9545,0.6055,-14.5605,105.084,11,,,0,0.955,0.606,-14.561,105.084,11
35.33333333,0.979333333,0.358,-28.97833333,101.5473333,11,,,35.333,0.979,0.358,-28.978,101.547,11
0.086956522,0.97234058,0.711094203,-11.41024638,125.3093551,4,,,0.087,0.972,0.711,-11.41,125.309,4
28,0.887875,0.457375,-13.717,108.397875,9,,,28,0.888,0.457,-13.717,108.398,9
42,0.973,0.137,-34.939,70.372,9,,,42,0.973,0.137,-34.939,70.372,9
0,0.7585,0.435,-13.861,123.304,9,,,0,0.759,0.435,-13.861,123.304,9
18.18421053,0.820543421,0.588184211,-18.53327632,105.7580658,0,,,18.184,0.821,0.588,-18.533,105.758,0
16.4,0.6272,0.573,-15.9724,114.0906,5,,,16.4,0.627,0.573,-15.972,114.091,5
23,0.664822222,0.535511111,-18.36577778,111.3269556,7,,,23,0.665,0.536,-18.366,111.327,7
44.5,0.20245,0.663,-6.9535,118.587,10,,,44.5,0.202,0.663,-6.954,118.587,10
8,0.894,0.309,-15.61,95.666,1,,,8,0.894,0.309,-15.61,95.666,1
0,0.989666667,0.393,-7.883333333,81.648,7,,,0,0.99,0.393,-7.883,81.648,7
0,0.995,0.526,-8.594,180.85,8,,,0,0.995,0.526,-8.594,180.85,8
0,0.995,0.395,-12.175,68.446,11,,,0,0.995,0.395,-12.175,68.446,11
60,0.911,0.591,-16.167,109.755,7,,,60,0.911,0.591,-16.167,109.755,7
0,0.991,0.37,-9.533,91.85,7,,,0,0.991,0.37,-9.533,91.85,7
0,0.00216,0.809,-8.736,120.011,4,,,0,0.002,0.809,-8.736,120.011,4
37,0.550333333,0.597333333,-11.99433333,130.0223333,10,,,37,0.55,0.597,-11.994,130.022,10
46,1.37E-05,0.379,-3.754,119.991,8,,,46,0,0.379,-3.754,119.991,8
73,0.890333333,0.488666667,-15.16733333,132.135,3,,,73,0.89,0.489,-15.167,132.135,3
52,0.036337143,0.787571429,-7.193,101.1422857,9,,,52,0.036,0.788,-7.193,101.142,9
45,0.21,0.804,-5.612,94.994,1,,,45,0.21,0.804,-5.612,94.994,1
44.33333333,0.3728,0.578,-10.21616667,125.1596667,10,,,44.333,0.373,0.578,-10.216,125.16,10
62,0.00307,0.365,-5.912,171.08,5,,,62,0.003,0.365,-5.912,171.08,5
63,0.302,0.738,-7.967,143.991,11,,,63,0.302,0.738,-7.967,143.991,11
25,0.989,0.486,-19.898,99.741,2,,,25,0.989,0.486,-19.898,99.741,2
44,0.442131724,0.472896552,-10.24996552,120.9922069,2,,,44,0.442,0.473,-10.25,120.992,2
49.91428571,0.455085714,0.452514286,-10.85925714,122.2931429,5,,,49.914,0.455,0.453,-10.859,122.293,5
57,0.126,0.621,-5.529,112.067,4,,,57,0.126,0.621,-5.529,112.067,4
60.66666667,0.001394167,0.56,-4.264,124.354,10,,,60.667,0.001,0.56,-4.264,124.354,10
47,0.000256,0.187,-6.332,104.974,11,,,47,0,0.187,-6.332,104.974,11
30.33333333,0.349333333,0.595666667,-12.811,94.01433333,5,,,30.333,0.349,0.596,-12.811,94.014,5
65,0.963,0.255,-20.562,139.642,6,,,65,0.963,0.255,-20.562,139.642,6
62,0.987,0.484,-14.991,144.589,0,,,62,0.987,0.484,-14.991,144.589,0
68,0.0435,0.639,-4.905,126.946,0,,,68,0.044,0.639,-4.905,126.946,0
0,0.993,0.786,-8.914,121.788,11,,,0,0.993,0.786,-8.914,121.788,11
0,0.01635,0.7905,-9.4365,92.035,10,,,0,0.016,0.791,-9.437,92.035,10
50,0.935,0.193,-23.482,107.44,4,,,50,0.935,0.193,-23.482,107.44,4
68,0.0276,0.656,-7.031,135.044,7,,,68,0.028,0.656,-7.031,135.044,7
0,0.394,0.7585,-5.644,111.522,10,,,0,0.394,0.759,-5.644,111.522,10
62,0.655,0.565,-6.629,180.598,10,,,62,0.655,0.565,-6.629,180.598,10
44,0.5645,0.5375,-3.8685,124.386,10,,,44,0.565,0.538,-3.869,124.386,10
41.5,0.04645,0.645,-5.5715,81.443,7,,,41.5,0.046,0.645,-5.572,81.443,7
35,0.00461,0.706,-10.577,107.298,0,,,35,0.005,0.706,-10.577,107.298,0
44,0.65832425,0.357625,-13.49775,118.774375,11,,,44,0.658,0.358,-13.498,118.774,11
32,0.91,0.614,-17.335,103.695,10,,,32,0.91,0.614,-17.335,103.695,10
0,0.9712,0.487,-11.7966,93.1588,11,,,0,0.971,0.487,-11.797,93.159,11
50,0.124,0.783,-4.443,120.055,7,,,50,0.124,0.783,-4.443,120.055,7
52.8974359,0.113221162,0.736076923,-5.877769231,114.7155299,7,,,52.897,0.113,0.736,-5.878,114.716,7
49.9,0.19548,0.8476,-9.254,106.1163,10,,,49.9,0.195,0.848,-9.254,106.116,10
52,0.000757,0.304,-2.261,139.958,5,,,52,0.001,0.304,-2.261,139.958,5
40.33333333,0.7,0.422666667,-13.42333333,120.6353333,5,,,40.333,0.7,0.423,-13.423,120.635,5
39,0.206822353,0.675529412,-14.37382353,107.6641176,10,,,39,0.207,0.676,-14.374,107.664,10
47,0.438,0.385,-10.544,186.6,9,,,47,0.438,0.385,-10.544,186.6,9
37,0.363,0.714,-8.634,108.226,0,,,37,0.363,0.714,-8.634,108.226,0
7.634615385,0.976942308,0.466134615,-19.46369231,107.3989808,7,,,7.635,0.977,0.466,-19.464,107.399,7
20.13636364,0.818090909,0.495681818,-12.793,123.323,0,,,20.136,0.818,0.496,-12.793,123.323,0
1,0.983,0.564,-11.108,86.405,8,,,1,0.983,0.564,-11.108,86.405,8
10,0.952,0.196,-12.313,142.193,7,,,10,0.952,0.196,-12.313,142.193,7
4,0.907333333,0.434333333,-15.13566667,170.7336667,0,,,4,0.907,0.434,-15.136,170.734,0
59,0.244,0.747,-11.686,124.289,9,,,59,0.244,0.747,-11.686,124.289,9
19,0.911,0.755,-12.593,204.306,0,,,19,0.911,0.755,-12.593,204.306,0
34.22222222,0.426288889,0.434,-13.50461111,115.7303333,5,,,34.222,0.426,0.434,-13.505,115.73,5
36.47712418,0.333946405,0.686901961,-11.30833333,111.8807124,0,,,36.477,0.334,0.687,-11.308,111.881,0
42,0.886,0.683,-24.961,68.968,6,,,42,0.886,0.683,-24.961,68.968,6
0,0.83425,0.38225,-13.8485,100.29775,3,,,0,0.834,0.382,-13.849,100.298,3
2.333333333,0.926666667,0.525333333,-15.743,135.8983333,5,,,2.333,0.927,0.525,-15.743,135.898,5
20,0.583,0.487,-8.363,137.989,5,,,20,0.583,0.487,-8.363,137.989,5
0,0.981,0.253,-12.822,80.889,0,,,0,0.981,0.253,-12.822,80.889,0
24.65217391,0.626086957,0.438086957,-10.35495652,117.3922174,0,,,24.652,0.626,0.438,-10.355,117.392,0
35,0.3821,0.779,-11.8645,119.558,11,,,35,0.382,0.779,-11.865,119.558,11
20.5,0.626833333,0.570666667,-7.845833333,129.788,5,,,20.5,0.627,0.571,-7.846,129.788,5
19,0.775,0.685,-6.624,119.977,7,,,19,0.775,0.685,-6.624,119.977,7
12,0.99,0.226,-19.965,98.89,5,,,12,0.99,0.226,-19.965,98.89,5
38.10714286,0.335521429,0.641607143,-13.81789286,114.4343571,2,,,38.107,0.336,0.642,-13.818,114.434,2
44,0.406,0.631,-11.402,89.927,6,,,44,0.406,0.631,-11.402,89.927,6
0,0.736111111,0.489111111,-11.31677778,106.0726667,0,,,0,0.736,0.489,-11.317,106.073,0
30.18181818,0.285111386,0.455477273,-10.52086364,115.1557045,0,,,30.182,0.285,0.455,-10.521,115.156,0
27.83783784,0.689881081,0.336054054,-12.21389189,107.1440541,0,,,27.838,0.69,0.336,-12.214,107.144,0
34,0.771,0.414,-17.827,108.59,0,,,34,0.771,0.414,-17.827,108.59,0
0,0.958,0.544,-11.167,103.595,9,,,0,0.958,0.544,-11.167,103.595,9
33.06666667,0.240453333,0.5152,-10.5022,110.814,2,,,33.067,0.24,0.515,-10.502,110.814,2
0,0.977,0.208,-11.127,170.492,4,,,0,0.977,0.208,-11.127,170.492,4
21,0.775,0.83,-10.901,107.262,2,,,21,0.775,0.83,-10.901,107.262,2
6,0.968,0.572,-22.129,137.009,9,,,6,0.968,0.572,-22.129,137.009,9
43.5,0.479,0.39,-11.194,176.08,2,,,43.5,0.479,0.39,-11.194,176.08,2
0,0.995,0.318,-15.914,113.897,4,,,0,0.995,0.318,-15.914,113.897,4
35.95964126,0.284969238,0.550147982,-12.01500448,117.8733767,9,,,35.96,0.285,0.55,-12.015,117.873,9
42.5,0.1191,0.619,-8.933,133.1715,1,,,42.5,0.119,0.619,-8.933,133.172,1
0,0.242,0.395,-6.904,136.018,4,,,0,0.242,0.395,-6.904,136.018,4
52.54545455,0.471090909,0.528,-5.951818182,104.5116364,7,,,52.545,0.471,0.528,-5.952,104.512,7
50,0.171,0.636,-1.913,101.835,4,,,50,0.171,0.636,-1.913,101.835,4
48.73333333,0.307974667,0.641266667,-3.783266667,150.2519333,10,,,48.733,0.308,0.641,-3.783,150.252,10
47,0.818,0.419,-9.189,102.346,5,,,47,0.818,0.419,-9.189,102.346,5
50,0.216,0.75,-10.271,112.264,4,,,50,0.216,0.75,-10.271,112.264,4
35,0.76,0.342,-16.442,96.552,11,,,35,0.76,0.342,-16.442,96.552,11
